Melbourne Cesario, 6818 Sunny Goose Cape, Spokane, NS, B3Y-0F5, CA, (902) 013-7001, 31.6992, -91.4603
Mogens Hone, 5993 Indian Hill, Bishop, ND, 58622-7810, US, (701) 094-8313, 38.4275, -75.2214
Pedrog Waxman, 8330 Hazy Autoroute, Sandy Ridge, WI, 53651-4394, US, (608) 785-4124, 37.2375, -77.5006
Mirrin Funderburg, 7767 Golden Turnabout, Caspiana, NB, E3K-9S0, CA, (506) 787-6450, 32.2889, -93.5561
Herve Schlemmer, 2713 Honey Road, Overhill, AB, T6X-6I2, CA, (587) 529-9487, 38.9619, -80.1517
Ellie Sanderlin, 2653 Burning Pony Mall , Combee Settlement, QC, J4F-2X9, CA, (819) 909-8319, 28.0581, -81.9056
Amador Winslow, 2092 Harvest Log Park, Hudsons Mill, CA, 94242-0154, US, (626) 202-9419, 32.9239, -80.8053
Marvelle Rathbun, 9429 Thunder Embers Valley, Clarys Forest, PE, C1N-0W3, CA, (902) 937-1798, 39.2117, -76.8917
Jaedon Macleod, 1171 Pleasant Vale, Greenberry Hills, YK, Y9Z-3N5, CA, (867) 055-6107, 39.6286, -77.7547
Pomona Gastelum, 5743 Middle Quail Avenue, Chukker Creek, AB, T7J-0C3, CA, (587) 586-5070, 33.4833, -81.7069
Madhu Chism, 8470 Quiet Dale, West Sullivan, NS, B8K-4U5, CA, (902) 227-3914, 38.1875, -91.1958
Utina Blackwell, 1039 Silent Oak View, Reynard, ME, 04494-7335, US, (207) 956-7464, 40.5031, -119.639
Lester Craig, 2236 Misty Trail, Selma, PA, 19078-3266, US, (878) 253-7581, 36.5708, -119.611
Rikard Gurganus, 5891 Amber Spring Common, Loweth, DC, 20027-4007, US, (202) 660-5817, 46.3689, -110.707
Mildred Coffield, 3085 Clear Close, Kitty Hawk, LA, 71330-6325, US, (504) 430-0001, 36.0644, -75.7061
Bod Gruver, 4259 Rustic Highlands, Willoughby, BC, V7Y-6Q2, CA, (250) 285-5544, 38.0131, -78.4958
Alice Goodson, 2742 Emerald View Port, Como, DE, 19934-7105, US, (302) 376-1628, 42.6122, -88.4822
Winthrop Hilty, 8231 Old Panda Towers, Willow Springs Park, BC, V3Z-7V6, CA, (778) 033-3921, 33.5214, -81.9139
Trish Broaddus, 156 Lazy Trace, Larissa, WA, 98043-0429, US, (509) 406-2645, 36.9319, -92.5764
Lehel Noles, 4444 Jagged Butterfly Expressway, Molen, PA, 16098-9763, US, (878) 354-7663, 39.0883, -111.073
Roddy Didonato, 4197 Bright Elk Mews, Trigg, AR, 72906-0863, US, (501) 643-7549, 35.3117, -86.8519
Elexus Chen, 1119 Cozy Fawn Concession, Post Lake, PE, C1G-8B6, CA, (902) 901-5736, 45.4408, -89.0803
Rafael Ricciardi, 508 Blue Pines, Graywood, BC, V0S-2H5, CA, (604) 604-4298, 42.8122, -77.715
Ulrika Wong, 1751 High Gate Villas, Bangham Village, MA, 01209-1389, US, (857) 850-1894, 36.2503, -85.4536
Angevin Crumpton, 533 Shady Rise Ledge, Chadwick, GA, 39832-7942, US, (478) 024-2650, 39.3239, -77.2589
Kerzi Word, 4330 Cotton Cloud Hollow, Baylake Pines, ON, M6N-0Q9, CA, (416) 646-4555, 36.9086, -76.1156
Gaston Brisco, 7064 Quaking Byway, Byron, AR, 72795-8246, US, (870) 950-8443, 42.1269, -89.2556
Herst Blank, 1438 Rocky Blossom Limits, Hobby, ME, 04605-8250, US, (207) 654-0850, 29.5856, -95.4917
Sneh Franck, 2502 Grand Canyon, Woods, WA, 98224-5542, US, (425) 334-6688, 45.2142, -123.954
Engelbert Pelletier, 9962 Green Path, Cramer, ON, N9C-0I9, CA, (807) 825-3026, 40.6911, -89.9469
Yeshaya Wiseman, 8269 Foggy Brook Stead, East Lake, OK, 73989-3883, US, (405) 925-4696, 46.5383, -93.2833
Ruhinda Vos, 5490 Dewy Pine Pathway, Old Bretz Mill, NB, E6G-0W3, CA, (506) 377-6279, 37.0817, -119.298
Clodia Autry, 4473 Tawny Vista, Village Of Thomas Run, NU, X0P-2N8, CA, (867) 130-7993, 39.5639, -76.3247
Jodi Minnick, 2084 Noble Grove Woods, Negra, ON, M3Z-3K3, CA, (613) 569-8350, 34.6639, -105.537
Parsifal Benedetto, 9720 Red Row, Evening Shade, FL, 34856-9864, US, (772) 889-0752, 36.0717, -91.6192
Orvokki Northrup, 7497 Colonial Crossing, Lisitzky Subdivision, AB, T6N-2U5, CA, (587) 153-8235, 34.9281, -110.136
Heilyn Vanslyke, 3625 Velvet Willow Edge, Center Point, NF, A5B-4X4, CA, (709) 768-0960, 29.9439, -99.0361
Benny Whyte, 207 Sleepy Jetty, Woods And Irons South, NJ, 08770-1905, US, (609) 792-0053, 38.4528, -81.9614
Anupama Mackin, 9163 Easy Freeway, Edgemere, BC, V2F-6N9, CA, (778) 469-8148, 32.0392, -81.0878
Noora Wall, 5810 Dusty Lake Harbour, Greystone Farms, NY, 13918-6445, US, (212) 084-8553, 39.9819, -76.6211
Tola Dade, 9451 Hidden Walk, Bon Air, AB, T5C-2F1, CA, (780) 898-0818, 37.5247, -77.5581
Casandra Ward, 8698 Heather Acres, Saint-hubert, IA, 52081-3761, US, (712) 736-5665, 47.8, -69.15
Nalren Brockway, 5507 Crystal Heights, Penn Valley, OR, 97326-2335, US, (458) 596-4133, 39.1961, -121.19
Jacy Weaver, 5815 Round Anchor Moor, Vermillion, KS, 66110-8793, US, (785) 984-9134, 44.6736, -92.9669
Darri Stanfield, 7465 Stony Passage, Merrimac South, PE, C3D-8X0, CA, (902) 390-5577, 38.4511, -78.0714
Julinka Rodarte, 3597 Umber Manor, Rig, GA, 39962-7067, US, (470) 716-0103, 39.0389, -79.0458
Balint Hsieh, 9998 Little Robin Orchard, Burdett, WV, 25231-4416, US, (304) 085-0031, 38.1919, -99.5264
Jean Stamps, 6746 Broad Autumn Thicket, Malcom, KS, 66848-1076, US, (785) 610-8086, 41.7083, -92.5589
Snehal Bradley, 2808 Lost Forest Carrefour, Saxton, CA, 92757-2825, US, (831) 221-4896, 38.7683, -107.971
Fidela Garr, 9100 Silver Falls, Deer Park, YK, Y6K-8B1, CA, (867) 001-5821, 40.7617, -73.3297
Alanna Frisbee, 9885 Merry Quail Cape, Saratoga, ID, 83635-7287, US, (208) 388-3325, 30.2839, -94.5292
Elzira Swindle, 8321 Dewy Run, New Life, IA, 51377-1320, US, (319) 309-5517, 34.1306, -78.8411
Luella Lacour, 5705 Quiet Island, The Home Place, YK, Y0U-3O0, CA, (867) 002-5623, 33.315, -111.878
Utina Barile, 3469 Silent Drive, Orearville, WI, 53227-0569, US, (262) 045-0348, 39.1717, -93.0742
Sabelle Valentin, 6295 Cotton Link, Hill City, RI, 02894-0245, US, (401) 674-8004, 39.3647, -99.8417
Garth Simonsen, 3999 Red Route, Royal Palm Hammock, DE, 19780-0806, US, (302) 145-7415, 25.9939, -81.5919
Girvan Crowder, 2643 Old Extension, Bellvale, QC, H7V-5B4, CA, (579) 831-6193, 41.2503, -74.3111
Trigve Cardozo, 461 Jagged Cove, Coal Hill, UT, 84587-6576, US, (385) 209-9004, 41.3908, -79.5839
Roisin Dukes, 6981 Sunny Harbour, Gilmer, IA, 51830-2218, US, (319) 739-8193, 32.7286, -94.9422
Tracy Sorrels, 2019 Stony Pioneer Ledge, Moylan, NJ, 08080-3217, US, (973) 992-2347, 39.9089, -75.3967
Tamas Hafner, 7727 Easy Robin Promenade, Dunn, LA, 70914-2366, US, (985) 664-5329, 32.5669, -100.885
Norm Willett, 7853 Little Loop, Beaver, RI, 02941-8157, US, (401) 941-4991, 66.5, -146.917
Curry Amezcua, 7055 Sleepy Isle, Bruceton, NF, A8E-0B4, CA, (709) 053-3860, 40.3181, -79.98
Gilbert Cornell, 6487 Rustic Rise Highlands, Cod Fish Village, RI, 02937-6945, US, (401) 946-4748, 20.8964, -156.421
Chiranjeev Holtz, 6249 Round Passage, Clareville, CA, 93886-5085, US, (626) 901-3009, 28.3222, -97.8708
Caren Fifer, 2607 Dusty Meadow, Glebe Villa, YK, Y3Y-2E6, CA, (867) 044-0856, 38.7972, -76.1058
Onida Lawhorn, 9165 Silver Mountain, Cincinnati, NC, 27630-5490, US, (334) 151-5380, 38.4008, -88.5119
Leith Ventura, 3116 Tawny Forest Way, Robinson Mills, AL, 36364-9163, US, (205) 864-1073, 39.495, -121.32
Gizane Orosco, 7886 Colonial Range, Grandview, AR, 72611-9969, US, (479) 661-5690, 32.2703, -97.1789
Brom Obanion, 4233 Rocky Expressway, Bromptonville, CT, 06815-8915, US, (203) 837-7742, 45.4667, -71.9333
Koren Dugas, 3568 Crystal Spring Beach, Alpine, MA, 01383-8698, US, (617) 446-3630, 36.925, -84.5208
Sigfried Vickers, 3306 Shady Panda Pathway, Marianna, MB, R0I-7L0, CA, (204) 699-3368, 37.6003, -81.6114
Shane Cabrales, 4365 Green Impasse, Dyer Corner, ID, 83405-1816, US, (208) 623-6960, 43.8739, -69.9481
Coralia Brockway, 1788 Indian Lane, Lonetree, MT, 59626-9145, US, (406) 998-5344, 39.5283, -80.8183
Shirin Eilers, 5876 Quaking Goose Avenue, Northside, NC, 27332-1417, US, (704) 758-6021, 34.3047, -99.2975
Seeley Roddy, 4627 Golden Bear Road, Roseburg, MD, 21180-9446, US, (443) 499-6543, 43.19, -82.7439
Tremayne Man, 4496 Velvet Cloud Dell, La Moille, PA, 16530-0972, US, (267) 144-3476, 41.5317, -89.2797
Rafe Patenaude, 6377 High Stead, Sperry, NB, E3F-0W0, CA, (506) 518-6081, 40.9569, -91.1564
Sabra Mulhall, 5844 Wishing Elk Landing, Fisher Hill, CO, 81893-2927, US, (720) 824-9153, 39.0736, -80.4194
Niall Silvis, 2353 Foggy Lake Vista, Duck Bay, ID, 83892-3421, US, (208) 835-8353, 52.2, -100.167
Alcibiades Froehlich, 3387 Heather Village, Hammond, WI, 53716-5177, US, (414) 863-9032, 44.9789, -92.4356
Welch Byars, 8227 Amber Via, Grandin, NW, X9H-4S7, CA, (867) 028-3680, 36.8292, -90.8228
Evan Emmanuel, 5887 Fallen Circle, Luthersburg, CO, 81283-5335, US, (719) 520-5571, 41.0533, -78.7194
Torin Lowenstein, 7422 Cozy Canyon, Brookline, UT, 84983-1374, US, (385) 775-6138, 40.3919, -80.0181
Ilse McGuinness, 7928 Cinder Lagoon Bank, Queen Anne Knolls, AK, 99905-8349, US, (907) 567-4531, 38.8917, -76.7122
Myrtle Christman, 7955 Harvest Deer Moor, Harmony, YK, Y5O-9T4, CA, (867) 310-3927, 33.1425, -93.355
Valisa Kozlowski, 9887 Bright Creek Green, Danner, OK, 73742-8666, US, (405) 062-1073, 33.6753, -96.1133
Leauna Tatro, 7706 Burning Leaf Autoroute, Paynes, UT, 84974-4927, US, (801) 544-1551, 29.6003, -95.6136
Lidia Caputo, 5028 Iron Pine Wynd, Birmingham, MI, 49422-3560, US, (269) 509-2976, 36.9064, -88.2236
Cynere Yockey, 5599 Grand Plaza, Paxton, CO, 81539-2228, US, (720) 452-7824, 37.6764, -83.4086
Huntley Connors, 3301 Lost Gate Carrefour, Sageville, TN, 38040-6998, US, (731) 441-7253, 42.5528, -90.7089
Rahab Basham, 4506 Honey Towers, Putney, NW, X1D-3Z6, CA, (867) 031-7712, 42.9747, -72.5222
Radek Paez, 2705 Lazy Log Court, Whitestown, TN, 38182-3059, US, (423) 351-0221, 40.8767, -80.0422
Farrah Meltzer, 9348 Gentle Townline, Sebastopol, AK, 99690-9537, US, (907) 096-0159, 30.9094, -95.2494
Akim Robins, 3747 Hidden Round, Indiantown Farms, GA, 39978-2686, US, (470) 532-9498, 38.6208, -75.2133
Amity Glessner, 642 Misty Abbey, Bogue, MT, 59700-9714, US, (406) 644-3541, 34.6992, -77.0372
Murray Dang, 6660 Clear Blossom View, Vernonia, ID, 83805-0107, US, (208) 673-7565, 45.8589, -123.192
Derica Haygood, 9685 Hazy Crest, Seeley, QC, G6I-5M9, CA, (579) 479-8727, 32.7931, -115.69
Janthine Alonso, 212 Umber Pines, Murry Landing, WI, 54110-5405, US, (608) 772-4600, 38.5706, -75.0933
Lockwood Dimauro, 6321 Broad Field, Dun Rovin, DC, 20098-3389, US, (202) 186-1874, 39.4778, -76.6258